,,,,,,,,,,,,,,,,,,,,,,
Empresa,Industria,Categoria,Fecha Prospección,Prospectado por,Clasificacion,Num. Empleados,Country,Ubicacion,Ingresos Estimados,Tienda online,Pagina Web,Pagina De Instagram,Pagina De Twitter X,Pagina De Facebook,Pagina De Pinterest,Canal De Youtube,Pagina De Linkedin,Pagina De Tiktok,Email De Contacto,Telefono De Contacto,Estadisticas,Rival
Good Molecules,"Health, Wellness & Fitness",acne consumer goods,3/6/2026,Jose Alberto Híjar Laura Andrea Escalante,Lead B,130,Estados Unidos,Philadelphia,"$707,321",https://www.amazon.com/dp/B01MT6RJRU,https://www.goodmolecules.com,https://instagram.com/goodmolecules,,https://facebook.com/goodmolecules,,,,,support@goodmolecules.com,+1 2134-444-663,go ->,go ->
Mad Hippie,"Health, Wellness & Fitness",natural skin care organic products,3/6/2026,Jose Alberto Híjar Laura Andrea Escalante,Lead B,20,Estados Unidos,"700 S Lamar Blvd, Austin, Texas 78704","$503,540",https://www.amazon.com/dp/B005IXQLDE,https://madhippie.com,https://www.instagram.com/madhippiebeauty,https://www.tiktok.com/@madhippie,https://www.facebook.com/madhippiebeauty,,,,,sales@madhippie.com,2073-708-755,go ->,go ->
Black Girl Sunscreen,"Health, Wellness & Fitness",personal care product manufacturing,3/6/2026,Jose Alberto Híjar Laura Andrea Escalante,Lead B,28,Estados Unidos,"Los Angeles, US","$354,995",https://www.amazon.com/dp/B0CV9R8DTK,https://blackgirlsunscreen.com,https://instagram.com/blackgirlsunscreen,https://twitter.com/BlkGrlSunscreen,https://facebook.com/blackgirlsunscreen,,,https://www.linkedin.com/company/blackgirlsunscreen/,https://www.tiktok.com/@blackgirlsunscreen,customerexperience@blackgirlsunscreen.com; you@domain.com; contact@blackgirlsunscreen.com; marketing@blackgirlsunscreen.com; canadasupport@blackgirlsunscreen.com; jazmine@blackgirlsunscreen.com,+1 8332-474-968; 1773-954-230; 8477-759-331; 1763-407-256; 1774-290-088,go ->,go ->
ArtNaturals,"Health, Wellness & Fitness",hair care essential oils skin care,3/6/2026,Jose Alberto Híjar Laura Andrea Escalante,Lead B,36,Estados Unidos,"16325 S Avalon Blvd, Gardena, CA 90248, US","$308,943",https://www.amazon.com/dp/B012Q4M3DO,https://artnaturals.com,https://instagram.com/artnaturals,,https://www.facebook.com/artnaturalsUSA,,,,https://www.tiktok.com/@artnaturals,info@artnaturals.com; wholesale@artnaturals.com,4508-089-463; 6849-049-417; 8314-202-161; 1713-513-354,go ->,go ->
Mav Beauty Brands Inc,Manufacturing,Hair Care & Styling,3/6/2026,Jose Alberto Híjar Laura Andrea Escalante,Lead B,110,Canada,"100 New Park Place, Vaughan, Ontario L4K0H9, CA","$249,400",https://www.amazon.com/dp/B09GW5JWCH,,https://www.instagram.com/mav_beautybrands/,,,,,,,sun@mavbeautybrands.com; jdemeo@mavbeautybrands.com,+1 8882-958-856,go ->,go ->
MakarttPro,Mechanical Or Industrial Engineering,Mechanical Or Industrial Engineering,3/6/2026,Jose Alberto Híjar Laura Andrea Escalante,Lead B,19,Estados Unidos,"Dallas, Texas, US","$157,999",https://www.amazon.com/dp/B0BK7Z259G,https://makarttpro.com,https://instagram.com/makarttpro,,,,,,https://www.tiktok.com/@makarttpro,support@makarttpro.com; evan@makartt.com,+1 9453-911-828; +1 8559-819-198; 8326-685-622; 1762-824-176; 4588-779-529; 4668-404-026,go ->,go ->
Moérie Beauty,"Health, Wellness & Fitness",Cosmetics,3/6/2026,Jose Alberto Híjar Laura Andrea Escalante,Lead B,30,Estados Unidos,"2035 Sunset Lake Rd, Newark, Delaware 19702, US","$98,938",https://www.amazon.com/dp/B07WLKV8MJ,https://moerie.com/about/,https://www.instagram.com/moeriebeauty/,,https://www.facebook.com/MoerieBeauty/,,,,https://www.tiktok.com/@moeriebeauty,info@moerie.com; kristupas@moerie.com,1133-319-731; 3242-459-533; 2190-629-659; 6322-886-503,go ->,go ->
Modelones,Nail Art & Pro Beauty,Cosmetics,3/6/2026,Jose Alberto Híjar Laura Andrea Escalante,Lead B,4,Estados Unidos,"100 N Howard St STE R, Spokane, WA, 99201-0508, United States","$85,514",https://www.amazon.com/dp/B0BQ6V9K3B,https://modelones.com,http://instagram.com/modelones/,,https://facebook.com/modelones,https://www.pinterest.com/modelonesofficial/_created/,https://www.youtube.com/channel/UCuvnQMcrkLTUXfvWREL26tw,,https://www.tiktok.com/@modelonesofficial,support@modelones.com; pr@modelones.com; wholesale@modelones.com; business@modelones.com; BENM2023@126.com,+861 7306-670-901,go ->,go ->
Naisture,beauty & skincare,Cosmetics,3/6/2026,Jose Alberto Híjar Laura Andrea Escalante,Lead B,6,Estados Unidos,"Whittier, California 90601, US","$54,708",https://www.amazon.com/dp/B07KY49QSD,https://naisture.com,https://www.instagram.com/naisture/,,https://www.facebook.com/naistureusa,,,,https://www.tiktok.com/@naisture,sunny@naisture.com; hello@naisture.com; mkt@weekendglow.com; partner@naisture.com; naistureusa@gmail.com,7999-552-018; 4444-444-444; 0387-169-604; 6610-395-417,go ->,go ->
SONGMICS HOME,Manufacturing,Furniture & Home,3/6/2026,Jose Alberto Híjar Laura Andrea Escalante,Lead A,220,Canada,"8291 Milliken Ave. Rancho Cucamonga, CA 91730",$20–25M,https://www.walmart.com/ip/Adjustable-Closet-Organizer-System-4-8-ft-Metal-Shelving-Unit-with-6-Rods-6-Shelves-414-lb-Capacity-Cloud-White/17287910709?classType=REGULAR,https://naisture.com,https://www.instagram.com/songmicshome/,,https://www.facebook.com/SONGMICSHOME,,,https://www.linkedin.com/company/songmicshome/?viewAsMember=true,https://www.tiktok.com/@songmicshome,b2b@songmicshome.com; pr@songmicshome.com; support@songmicshome.com,+00863 7168-860-521,go ->,go ->
The Lakeside Collection,Home Decor & Gifts,Design,3/6/2026,Jose Alberto Híjar Laura Andrea Escalante,Lead A,21,Estados Unidos,"Lakeside Collection 200 Tri State International Suite 100 Lincolnshire, IL 60069","$38,745",https://www.amazon.com/stores/TheLakesideCollection/page/7CB9B327-0CFD-4338-BFFD-E2184BBA0942,https://www.lakeside.com,https://www.instagram.com/thelscollection/,https://x.com/LSCollection,https://www.facebook.com/thelakesidecollection,https://www.pinterest.com/lakesidecollect/,,,,service@lakeside.com,8474-443-150,go ->,go ->
YouCopia,Mechanical Or Industrial Engineering,storage organization,3/6/2026,Jose Alberto Híjar Laura Andrea Escalante,Lead A,12,Estados Unidos,"4410 N. Ravenswood Avenue, Suite 102, Chicago, IL 60640, US","$22,306",https://www.amazon.com/stores/YouCopia/page/CF60E7EF-CB56-4478-8024-246E7428EC2E,https://youcopia.com,http://instagram.com/YouCopia,,https://www.facebook.com/YouCopia,https://www.pinterest.com/youcopia/,https://www.youtube.com/YouCopia,,https://tiktok.com/@youcopia,support@youcopia.com; danny@youcopia.com,8889-739-288,go ->,go ->
Bradshaw Home,Mechanical Or Industrial Engineering,Mechanical Or Industrial Engineering,3/6/2026,Jose Alberto Híjar Laura Andrea Escalante,Lead A,40,Estados Unidos,"Bradshaw Home 10760 4th Street Suite 100 Rancho Cucamonga, California 91730","$12,719",https://www.amazon.com/Home-Kitchen-Bradshaw/s?rh=n%3A1055398%2Cp_89%3ABradshaw,https://bradshawhome.com,,,,,,https://www.linkedin.com/company/bradshawhome/,,info@bradshawhome.com; sabrina.caruso@bradshawhome.com; simpson@bradshawhome.com,9094-763-884,go ->,go ->
Spreetail,Retail,Warehouse,3/6/2026,Jose Alberto Híjar Laura Andrea Escalante,Lead A,840,Estados Unidos,"2021 Transformation Dr, Suite 2500, Lincoln, NE 68508, US",$1B+,https://www.walmart.com/seller/101012345,https://www.spreetail.com/,https://www.instagram.com/spreetail/,https://twitter.com/spreetail,https://www.facebook.com/spreetail/,,https://www.youtube.com/channel/UC4wfMY3SjLSETsI6o2J9pmg,https://www.linkedin.com/company/spreetail,,hello@spreetail.com; eu-ce@spreetail.com; partners@spreetail.com,+1 8666-399-320,go ->,go ->
Everything Kitchens,Retail,Mechanical Or Industrial Engineering,3/6/2026,Jose Alberto Híjar Laura Andrea Escalante,Lead A,45,Estados Unidos,"6820 W Kings St, Springfield, Missouri 65802, US",$25M - $50M,https://www.walmart.com/seller/101011223,https://www.everythingkitchens.com,https://www.instagram.com/everythingkitchens/,https://twitter.com/everythingkitch,https://www.facebook.com/everythingkitchens,https://pinterest.com/everythingkitch/,https://www.youtube.com/channel/UCwYZDdP6KqlDBYRvn1QwMtA,https://www.linkedin.com/company/everything-kitchens,https://www.tiktok.com/@everythingkitchens/,info@everythingkitchens.com,+1 8668-524-210; 4178-870-779; 4178-870-729; 8668-524-268,go ->,go ->
Enchanté Accessories,Wholesale,Wholesale,3/6/2026,Jose Alberto Híjar Laura Andrea Escalante,Lead A,300,Estados Unidos,"16 E 34th St, New York, 10016, US",$100M+,https://www.walmart.com/brand/enchante-accessories/101014567,https://enchanteaccessories.com,https://www.instagram.com/enchante_cosmetics/,,,,,https://www.linkedin.com/company/enchante-accessories-inc/,,contact@ench.com; info@enchanteaccessories.com,+1 2126-895-353,go ->,go ->
Caldera + Lab,"Health, Wellness & Fitness",Personal Care Product Manufacturing,3/6/2026,Jose Alberto Híjar Laura Andrea Escalante,Lead B,26,Estados Unidos,"Austin, Texas, US","$105,600",https://www.amazon.com/dp/B0BFBTRQ7Q,https://calderalab.com,https://www.instagram.com/calderalab/,,https://www.facebook.com/calderalabofficial/,,,https://www.linkedin.com/company/calderalab,,help@calderalab.com,8009-836-409; 8883-653-159,go ->,go ->
MOROVAN STORE,"Health, Wellness & Fitness",Nail Art & Pro Beauty,3/6/2026,Jose Alberto Híjar Laura Andrea Escalante,Lead B,0,Estados Unidos,"Austin, Texas, US","$771,242",https://www.amazon.com/dp/B084P2F223,https://www.morovan.com,https://www.instagram.com/morovanofficial/,,https://www.facebook.com/MOROVANOFFICIAL,https://www.pinterest.com/MOROVANOFFICIALNAIL/,https://www.youtube.com/channel/UChFTUOa7OMe2A2K9iVHpbHQ,https://www.linkedin.com/company/morovan-store,https://www.tiktok.com/@morovanofficial,soporte@morovan.com; morovannailartist@gmail.com; morovan.us@gmail.com,+861 9927-488-433; +1 4152-163-524; +861 8565-436-810; +861 9927-488-433,go ->,go ->
"Blue Sky, The Color of Imagination, LLC",Manufacturing,Paper and Forest Products,3/6/2026,Jose Alberto Híjar Laura Andrea Escalante,Lead B,760,Estados Unidos,"410 Exchange, Irvine, CA 92602, United States","$86,882",https://www.amazon.com/stores/DayDesigner/page/01F6FC07-E95A-4DE6-9900-462CA86FE0DE,https://www.bluesky.com,https://www.instagram.com/blueskyplanners/,,https://www.google.com/url?sa=t&rct=j&q=&esrc=s&source=web&cd=&cad=rja&uact=8&ved=2ahUKEwjzmNm73LuTAxV0TDABHdveDb0Q9zB6BAgXEAs&url=https%3A%2F%2Fwww.facebook.com%2FBlueSkyPlanners&usg=AOvVaw04Dyd2QdVcTo0QBdhOwCKc&opi=89978449,,,https://www.linkedin.com/company/blue-sky-the-color-of-imagination-llc/,,custserv@bluesky.com,,go ->,go ->
Fineline Beddings Inc,Retail,Furniture & Home,3/6/2026,Jose Alberto Híjar Laura Andrea Escalante,Lead B,6,Estados Unidos,"1193 Lexington Ave (Between 80th and 81st Street) New York, NY 10028","$94,863",https://www.amazon.com/stores/Genteele/page/BB449D16-6798-4BDD-8A17-A86C74192B2B,https://www.finelinens.com,https://www.instagram.com/finelinensdotcom,,https://www.facebook.com/finelinensdotcom/,https://pl.pinterest.com/Finelinensny/_saved/,,https://www.linkedin.com/company/finelinens-com,,support@genteele.com; sales@finelinens.com,8774-546-366; 2127-372-123; +1 2127-370-520,go ->,go ->
HomeCourt,"Health, Wellness & Fitness",Beauty & Personal Care,3/6/2026,Jose Alberto Híjar Laura Andrea Escalante,Lead A,35,Estados Unidos,"Santa Monica, CA 90401, US","$99,202",https://www.amazon.com/stores/Homecourt/page/B31B7A97-C00E-442C-BA10-4657BDD23CDC,https://homecourt.co/pages/contact,https://www.instagram.com/homecourt/,,https://www.facebook.com/finelinensdotcom/,,,https://www.linkedin.com/company/homecourt-co,https://www.tiktok.com/@homecourtco,partnerships@homecourt.co; homecourt@wearefoundation.co; support@homecourt.ai; sales@homecourt.co; wholesale@homecourt.co,8774-546-366; 2127-372-123; +1 2127-370-520,go ->,go ->
The Whall Group,Business Services,Security & Investigations,3/6/2026,Jose Alberto Híjar Laura Andrea Escalante,Lead A,5,Estados Unidos,"The Whall Group 3955 Pinnacle Ct, Auburn Hills, MI 48326",$5M - $10M,https://www.amazon.com/stores/Homecourt/page/B31B7A97-C00E-442C-BA10-4657BDD23CDC,https://whall.com,,,,,,https://www.linkedin.com/company/the-whall-group/about/,,support@whall.com;,2482-760-190,,go ->
Wavytalk,"Health, Wellness & Fitness",Hair Care & Styling,3/6/2026,Jose Alberto Híjar Laura Andrea Escalante,Lead B,47,Estados Unidos,"9 E 19th St, New York, NY 10003","$1,180,983",https://www.amazon.com/dp/B0BHNXQSCD,https://wavytalk.com,https://instagram.com/wavytalkofficial,,https://www.facebook.com/wavytalkofficial/,,,https://www.linkedin.com/company/wavytalk,https://www.tiktok.com/@wavytalkofficial,partnerships@wavytalk.com; support@wavytalk.com,+1 972-467-4080,go ->,go ->
Brickell Brands LLC,"Health, Wellness & Fitness",wellness & fitness services,3/6/2026,Jose Alberto Híjar Laura Andrea Escalante,Lead B,35,Estados Unidos,"Portland, Maine","$727,204",https://www.amazon.com/dp/B01MT6RJRU,https://brickellmensproducts.com,https://instagram.com/brickellmensproducts,,https://facebook.com/brickellmensproducts,,https://www.youtube.com/c/BrickellMensProducts,https://linkedin.com/brickell-men's-products,https://www.tiktok.com/@brickellmensproducts,support@brickellmensproducts.com,1758313544; 1776188391; 1772147126; 1022766186,go ->,go ->
Timeless Skin Care,Manufacturing,Makeup & Personal Care Product,3/6/2026,Jose Alberto Híjar Laura Andrea Escalante,Lead B,50,Estados Unidos,"Los Angeles , CA","$1,339,893",https://www.amazon.com/-/es/stores/TimelessSkinCare/page/CD08C32D-0C84-4EA9-8E56-8AED79DEDC3C?lp_asin=B019QQR0JW&ref_=ast_bln&store_ref=bl_ast_dp_brandlogo_sto,https://www.timelessha.com,https://instagram.com/timelesshaskin,,https://facebook.com/timelesshaskin,https://es.pinterest.com/timelesshaskin/,https://www.youtube.com/@timelesshaskin,https://www.linkedin.com/company/timeless-skin-care,https://www.tiktok.com/@timelesshaskin,abc@xyz.com; support@timelessHA.com; consult@timelessHA.com; consult@timelessha.com; pr@timelessha.com,4376769101; 5555555555; 1842728874; 9834047404,go ->,go ->
L'ange Hair,"Health, Wellness & Fitness",personal care product manufacturing,3/6/2026,Jose Alberto Híjar Laura Andrea Escalante,Lead B,33,Estados Unidos,"Chatsworth, CA 91311","$1,561,625",https://www.amazon.com/stores/LANGEHAIR/page/54A065B7-1D14-47C5-BC1F-7EB03C0D6ABE,https://langehair.com,https://instagram.com/langehair,https://x.com/GetLange,https://www.facebook.com/getlange/,https://www.pinterest.com/langehair/,https://www.youtube.com/@LangeHair,www.linkedin.com/company/l%27ange-inc.,https://www.tiktok.com/@langehair,customercare@langehair.com,6341151812; 8140050268; 1766095694; 8144952852,go ->,go ->
Melting Forest,Food & Beverages,adaptogens nootropics,3/6/2026,Jose Alberto Híjar Laura Andrea Escalante,Lead B,9,Estados Unidos,"226 n maple st, Corona, CA, United States, 92878",$1M - $5M,https://www.amazon.com/-/es/stores/MELTINGFOREST/page/02531DD8-41A3-406F-9568-C21B9CD1192A?lp_asin=B0D6WZLS5C&ref_=ast_bln&store_ref=bl_ast_dp_brandlogo_sto,https://meltingforest.com,https://www.instagram.com/meltingforest/?hl=en,https://x.com/meltingforest,https://www.facebook.com/meltingforestdrinks,www.pinterest.com/meltingforestofficial/,https://www.youtube.com/channel/UCOQqO70dN_SHMjwOqikeJyw,https://www.linkedin.com/company/meltingforest,https://www.tiktok.com/@meltingforest,info@meltingforest.com; sales@meltingforest.com,+1 8004-752-304,go ->,go ->
The Green Kiss,"Health, Wellness & Fitness",Cosmetics,3/6/2026,Jose Alberto Híjar Laura Andrea Escalante,Lead A,8,Estados Unidos,"Unit 109 - 3531 Uptown Boulevard, Victoria, BC, Canada, British Columbia",$1M - $5M,https://www.thegreenkiss.com,https://www.thegreenkiss.com,https://instagram.com/thegreenkiss/,https://x.com/thegreenkiss,https://www.facebook.com/thegreenkiss/,https://www.pinterest.com/thegreenkiss/,,https://www.linkedin.com/company/the-green-kiss,,hello@thegreenkiss.com; info@thegreenkiss.com,(250) 412-2305,go ->,go ->
Mondo Mondo,Luxury Goods & Jewelry,poetry mythology handmade,3/6/2026,Jose Alberto Híjar Laura Andrea Escalante,Lead A,5,Estados Unidos,"5420 Monte Vista St. Los Angeles, CA, United States, 90042",$1M - $5M,https://mondo-mondo.com,https://mondo-mondo.com,https://www.instagram.com/mondomondo/?hl=en,https://x.com/mondomondoman?p=s,https://www.facebook.com/m0nd0m0nd0/,https://www.pinterest.com/mondo_mondo/,,https://www.linkedin.com/company/mondo-mondo,https://www.tiktok.com/@mondomondoworld,email@mondo-mondo.com; sales@mondo-mondo.com; press@mondo-mondo.com,2504-122-305,go ->,go ->
Credo Beauty,Retail,Retail,3/6/2026,Jose Alberto Híjar Laura Andrea Escalante,Lead A,230,Estados Unidos,"San Francisco, CA, USA",$50M - $100M,https://credobeauty.com,https://credobeauty.com,https://www.instagram.com/credobeauty/?hl=en,https://x.com/credobeauty,https://www.facebook.com/beautycredo?locale=es_LA,https://es.pinterest.com/CredoBeauty/,https://www.youtube.com/c/CredoBeauty,https://www.linkedin.com/company/credo-beauty,https://www.tiktok.com/@credo.beauty,hello@credobeauty.com; arealperson@credobeauty.com,+1 8446-927-336; +1 4158-851-800; 8446-927-336,go ->,go ->
Day Designer,Paper and Forest Products,Office Products,3/6/2026,Jose Alberto Híjar Laura Andrea Escalante,Lead B,5,Estados Unidos,"410 Exchange, Suite 250, Irvine, CA 92602","$86,882.43",https://www.amazon.com/stores/DayDesigner/page/01F6FC07-E95A-4DE6-9900-462CA86FE0DE,https://daydesigner.com,https://www.instagram.com/thedaydesigner/,https://twitter.com/daydesigner,https://www.facebook.com/theDayDesigner/,https://www.pinterest.com/daydesigner/,https://www.youtube.com/%40DayDesignerChannel,https://www.linkedin.com/company/day-designer,https://www.tiktok.com/%40thedaydesigner,info@daydesigner.com; support@daydesigner.com,,,
Dom Dom,Personal Care Product Manufacturing,Beauty & Personal Care,3/6/2026,Jose Alberto Híjar Laura Andrea Escalante,Lead B,5,Estados Unidos,"313 S Robertson Blvd, Beverly Hills, California 90211, US","$59,376.00",https://www.amazon.com/stores/DomDomHair/page/7F9D5374-0B6B-4340-AC7D-6B872F735D82,https://domdomhair.com,https://www.instagram.com/domdomhair/?hl=en,,https://www.facebook.com/DomDomhair/,,https://www.youtube.com/%40domdomhair,https://www.linkedin.com/company/dom-dom-hair/,https://www.tiktok.com/%40domdomhair,heyyall@domdomhair.com,,,
SUTRA,"Appliances, Electrical, and Electronics Manufacturing",Beauty & Personal Care,3/6/2026,Jose Alberto Híjar Laura Andrea Escalante,Lead B,20,Estados Unidos,"7655 Haskell Ave, Van Nuys, California 91406, US","$97,874.70",https://www.amazon.com/stores/SutraBeauty/page/2F298E2D-B399-4AA3-829F-4D118A78CCFE,https://www.ibeautybrands.com,https://www.instagram.com/sutrabeauty,,https://www.facebook.com/sutrabeauty,,https://www.youtube.com/sutrabeauty,https://www.linkedin.com/company/ibeautybrands,https://www.tiktok.com/%40sutrabeauty,services@ibeautybrands.com; service@sutrabeauty.com,,,
Mix Wholesale,Retail,Furniture & Home,3/6/2026,Jose Alberto Híjar Laura Andrea Escalante,Lead A,1,Estados Unidos,"1300 Sawgrass Corporate Parkway Suite 110, Sunrise, FL 33323",$5M - $10M,https://www.walmart.com/seller/101015629,https://mixwholesale.com,https://www.instagram.com/mixwholesalefl/,,https://www.facebook.com/MixWholesaleFL,https://www.pinterest.com/mixwholesale/,https://www.youtube.com/%40mixwholesale65/featured,https://www.linkedin.com/company/mix-wholesale,,support@mixwholesale.com; marketing@mixwholesale.com; customerservice@mixwholesale.com,+1 8885-923-788; +1 9545-771-043,,
Ornavo Home,Retail,Furniture & Home,3/6/2026,Jose Alberto Híjar Laura Andrea Escalante,Lead A,1,Estados Unidos,"1020 East 48th St Brooklyn, NY 11203",$1M - $5M,https://www.walmart.com/seller/101017415,https://ornavohome.com,https://www.instagram.com/ornavohome/,https://www.twitter.com/ornavohome,https://www.facebook.com/OrnavoHome/,https://www.pinterest.com/ornavohome/,https://www.youtube.com/channel/UC0E6bgSfF6v2hXM5f5DX69w,https://www.linkedin.com/company/ornavo-home,,support@ornavohome.com; info@ornavohome.com,9144-184-722; +1 9545-771-043; +1 9144-184-722,,
Hold n’ Storage,Retail,Furniture & Home,3/6/2026,Jose Alberto Híjar Laura Andrea Escalante,Lead A,1,Estados Unidos,"165 SCHUNNEMUNK RD, Monroe, New York 10950, us",$5M - $10M,https://www.walmart.com/seller/101016834,https://ornavohome.com,https://www.instagram.com/holdnstorage/,,hhttps://www.facebook.com/hold.storage.5/,https://www.pinterest.com/holdnstorage/,https://www.youtube.com/channel/UCYL93uCl6KagSy6Uyxie1Ew,https://www.linkedin.com/company/hold-n%E2%80%99-storage/about/,https://www.tiktok.com/%40holdandstorage,support@holdnstorage.com; store@holdnstorage.com,+1 8882-435-247,,
NewAge Products Inc.,Mechanical Or Industrial Engineering,Mechanical Or Industrial Engineering,3/6/2026,Jose Alberto Híjar Laura Andrea Escalante,Lead A,270,Canada,"1190 Caledonia Rd, Toronto, ON, Canada, M6A 2W5",$100M+,https://www.walmart.com/brand/newage-products/101019900,https://newageproducts.com,https://www.instagram.com/newageproductsinc/,,https://www.facebook.com/NewAgeProductsInc/,https://ca.pinterest.com/NewAgeProductsInc/,www.youtube.com/newageproducts,https://www.linkedin.com/company/newage-products-inc-,https://www.tiktok.com/%40newageproducts.com,support@newageproducts.com; info@newageproducts.com,+1 8773-068-930,,
Holista,"Health, Wellness & Fitness",Beauty & Personal Care,3/6/2026,Jose Alberto Híjar Laura Andrea Escalante,Lead A,5,Argentina,"Caba, Argentina","$380M-$2,800M ARS",https://holista.com.ar,https://holista.com.ar,https://www.instagram.com/holistaskin,,https://www.facebook.com/holistaskin/,https://www.pinterest.com/holistaskin/,https://www.youtube.com/%40holistaskin,https://www.linkedin.com/company/holistaskin/,https://www.tiktok.com/%40holistaskin,info@holista.com.ar,+549 1124-598-429,,
Oh My Shop!,Retail,Warehouse,3/6/2026,Jose Alberto Híjar Laura Andrea Escalante,Lead B,5,Argentina,"Av Juan B Justo 5038, Buenos Aires, Argentina, 1416","$200M-$2,200M ARS",https://tienda.ohmyshop.com.ar,https://tienda.ohmyshop.com.ar,https://www.instagram.com/ohmyshop.store/,,https://www.facebook.com/OhMyShopArg/,https://www.pinterest.com/OhmyyShop/,https://www.youtube.com/channel/UCXilkPl8KXAw7kXNY0dlNZQ,,https://www.tiktok.com/%40ohmyshop.store?_t=ZM-8z13sAIJdCw&_r=1,info@ohmyshop.com.ar,+549 1134-372-796,,
Farmapiel,Pharmaceuticals,Pharmaceuticals,3/6/2026,Jose Alberto Híjar Laura Andrea Escalante,Lead B,260,Mexico,"Boulevard Manuel Ávila Camacho número 32, Piso 16, C.P. 11000, Lomas de Chapultepec sección III, Miguel Hidalgo, Ciudad de México, México","$200M-$2,200M ARS",https://farmapiel.com,https://farmapiel.com,https://www.instagram.com/farmapielmx/,,https://www.facebook.com/FarmapielMexico,,https://www.youtube.com/%40farmapielmexico9558/featured,https://www.linkedin.com/company/farmapiel%C2%AE/,https://www.tiktok.com/%40farmapiel,info@farmapiel.com,+52 5590-637-191; +52 5590-637-101,,
BBSPro,Wholesale,Wholesale,3/12/2026,Jose Alberto Híjar Laura Andrea Escalante,LEAD A,7,Mexico,Fuente de templanza 19 Int PB-A Lomas de Tecamachalco Naucalpan de Juárez 53950,"$200M-$2,200M ARS",https://bbspro.com.mx/tienda/,https://bbspro.com.mx,,,https://www.facebook.com/bbspromx/,,,https://www.linkedin.com/company/bbspromx/about/,https://www.tiktok.com/%40bbspromx,info@bbsbeautyhair.com; revlonextensionesmex@gmail.com,+52 5551-310-585; +52 5634-343-400,,
CanaimaShop,Retail,Retail,3/12/2026,Jose Alberto Híjar Laura Andrea Escalante,LEAD A,7,Mexico,"C. Juan de Oñate 549, Lázaro Cárdenas, 58229 Morelia, Michoacán, MX.",,https://www.mercadolibre.com.mx/tienda/canaima-shop,https://canaimashop.com,https://www.instagram.com/canaimashop_mx?igsh=MXMxbncwb3c4dWZ6ag%3D%3D,,https://www.facebook.com/Canaimashop,,https://www.youtube.com/%40canaimashop,https://www.linkedin.com/company/canaimashop/,,servicioalcliente@canaimashop.com,+52 4432-744-868; +52 4433-829-431,,
Maivie,"arts, entertainment, and recreation +50",Retail,3/6/2026,Jose Alberto Híjar Laura Andrea Escalante,LEAD A,9,Estados Unidos,"2163 E 3300 S, Salt Lake City, UT, United States, 84109",< $1M,https://shopmaivie.com/pages/book,https://shopmaivie.com,https://www.instagram.com/shopmaivie,,https://www.facebook.com/shopmaivie,,https://www.youtube.com/%40shopmaivie,https://www.linkedin.com/company/maivie,,support@maivie.com; sales@shopmaivie.com,+1 3857-070-194; +1 4698-279-212,,
Elastalift,"Health, Wellness & Fitness",personal care product manufacturing,3/6/2026,Jose Alberto Híjar Laura Andrea Escalante,LEAD A,5,Estados Unidos,"Chicago, Illinois, United States","$159,216",https://www.amazon.com/dp/B07K8XBG1V,https://www.walmart.com/c/brand/elastalift,,,,,,https://www.linkedin.com/company/elastalift,,info@elastalift.com,+1 8444-678-777,,
Super Area Rugs,Retail,Retail,3/6/2026,Jose Alberto Híjar Laura Andrea Escalante,LEAD B,3,Estados Unidos,"166 West Smithfield Street, Angier, NC, United States, 27501","$88,940.38",https://www.amazon.com/stores/SuperAreaRugs/page/4C477E9E-4194-49FE-9F27-CCE56AC5D0DA,https://www.superarearugs.com,https://www.instagram.com/superarea_rugs/?hl=en,,https://www.facebook.com/SuperAreaRugs/,https://ar.pinterest.com/supearearugs/,https://www.youtube.com/%40superarearugs1267/shorts,https://www.linkedin.com/company/ap-home-decor-inc,,info@superarearugs.com; superarearugs@gmail.com,+1 8773-380-284; +1 5164-198-055,,
Costway,retail furniture & home furnishings +75,Furniture,3/6/2026,Jose Alberto Híjar Laura Andrea Escalante,Lead A,66,Estados Unidos,"11250 Poplar Ave,, Fontana, CA, United States, 92337",$500M - $1B,https://www.walmart.com/brand/costway/10000223,https://www.costway.com,https://www.instagram.com/costway/,https://twitter.com/Costway_com,https://www.facebook.com/costway,https://www.pinterest.com/costway/,https://www.youtube.com/channel/UC4BjLUYvydCeEKiZz3iHfGA,https://www.linkedin.com/company/costway,https://www.tiktok.com/%40costway.official,service@costway.com; recall@costway.com,+1 2134-012-666; +1 8442-421-885,,
Midea Building Tech.,Retail,Furniture & Home,3/6/2026,Jose Alberto Híjar Laura Andrea Escalante,Lead A,122,China,"6 Midea Avenue, Foshan, Guangdong 528311, CN",$1B+,https://www.walmart.com/brand/midea/101018888,https://www.midea.com/global,https://www.instagram.com/mideaglobal/,https://x.com/Mideaspain,https://www.facebook.com/MideaGlobal/,https://es.pinterest.com/mideaspain/,https://www.youtube.com/%40MideaGlobal,https://www.linkedin.com/company/midea-mbt,https://www.tiktok.com/%40midea_global,service@midea.com; marketing@midea.com; servicio.mexico@midea.com; cs@mideahk.com; customercare@midea.com.ph; workshop@midea.com; customer.care@midea.com; aftersales@midea.net.au,+1 8666-463-332; +1 9735-395-330; +1 9053-056-368,,
Karseell,"Health, Wellness & Fitness",personal care product manufacturing,3/6/2026,Jose Alberto Híjar Laura Andrea Escalante,Lead A,14,China,"Room 1618, No.395, Jianpeng road, Helong street, Jiahe lianbian village, Baiyun District, guangzhou, Guangzhou, China, 510000",$1M - $5M,https://www.walmart.com/brand/karseell/101012222,https://www.karseell.com,https://www.instagram.com/karseell_owner/,,https://www.facebook.com/ChinchyCosmetic/,,https://www.youtube.com/%40chinchycosmetics,https://www.linkedin.com/company/karseellmaca,https://www.tiktok.com/%40karseellcollagen,info@karseell.com; manager@karseell.com,+861 3926-101-130; +861 9102-084-727,,
Sauce Beauty,"Health, Wellness & Fitness",Hair Care & Styling,3/6/2026,Jose Alberto Híjar Laura Andrea Escalante,Lead A,5,Estados Unidos,"5830 Granite Pkwy, Suite 100-312, Plano, Texas 75024, US",$1M - $5M,https://www.walmart.com/brand/sauce-beauty/101013333,https://saucebeauty.com,https://www.instagram.com/saucehair/,https://x.com/saucehaircare,https://www.facebook.com/saucehair,,,https://www.linkedin.com/company/sauce-beauty,https://www.tiktok.com/%40sauce.beauty,hello@saucebeauty.com; info@saucebeauty.com,+1 5123-400-238,,
Aires aurum,aires condicionados & minisplits,Wholesale,3/6/2026,Jose Alberto Híjar Laura Andrea Escalante,Lead A,1,Mexico,"Periferico Lote 18593 Bodegas Blancas Del Actix Park Real Montejo, Mérida, Yucatan",$450K – $1.5M USD,https://airesaurum.com.mx/productos/,https://airesaurum.com.mx,https://www.instagram.com/airesaurum,,https://www.facebook.com/airesaurummx/,,https://www.youtube.com/channel/UCAHzuPaJnPb0LskC9Okuddw,https://www.linkedin.com/company/aires-aurum/?originalSubdomain=mx,,info@airesaurum.com.mx; info@saucebeauty.com,+52 9991-189-712; +52 9997-115-053,,
Avera,Mechanical Or Industrial Engineering,Mechanical Or Industrial Engineering,3/13/2026,Jose Alberto Híjar Laura Andrea Escalante,Lead A,110,Mexico,"Avenida Ejército Nacional 1112, Piso 4, Ciudad de México, 11510, MX","$800,000 - $1,200,000 MXN",https://airesaurum.com.mx/productos/,https://avera.mx,https://www.instagram.com/averamexico/,,https://www.facebook.com/averamx,,https://www.youtube.com/channel/UC2bmDW0ehv17nd2dOITD3Uw,www.linkedin.com/company/averamx/mycompany/,https://www.tiktok.com/%40averamx,hola@avera.mx,+52 5541-655-570,,
Comercial Semari,Retail,Forniture and Home,3/16/2026,Jose Alberto Híjar Laura Andrea Escalante,Lead A,5,Mexico,"Lerdo de Tejada 1651-B, Fracc. Los Pinos C.P. 80128, Culiacán, Sinaloa, México.","$2,500,000 - $4,000,000 MXN",https://listado.mercadolibre.com.mx/tienda/comercial-semari/_Container_ao-climatizacion-v2#%21messageGeolocation,https://comercialsemari.com,https://www.instagram.com/semarimytek/,,,,,https://www.linkedin.com/company/comercial-semari/about/,,semariventas@hotmail.com,+52 6672-531-914; +52 6677-140-413; +52 6677-140-461; +52 6677-140-990; +52 6121-276-288; +52 6121-230-845,,
Three Ships,Consumer Goods,Consumer Goods,3/6/2026,Jose Alberto Híjar Laura Andrea Escalante,Lead A,32,Canada,"180 John St, Toronto ON, M5T 1X5",$5M - $10M,https://www.amazon.com/stores/ThreeShips/page/C34D98DF-D408-4F80-9267-1802FF711FF6,https://www.threeshipsbeauty.com,https://www.instagram.com/threeshipsbeauty,https://x.com/ShopThreeShips,https://www.facebook.com/threeshipsbeauty/,https://es.pinterest.com/shopthreeships/,https://www.youtube.com/%40threeshipsbeauty3658,https://www.linkedin.com/company/threeshipsbeauty,https://www.tiktok.com/%40threeshipsbeauty,hello@threeshipsbeauty.com,8889-732-385; +1 8444-757-697,,
Sorella Apothecary,"Health, Wellness & Fitness",personal care product manufacturing,3/6/2026,Jose Alberto Híjar Laura Andrea Escalante,Lead A,18,Estados Unidos,"6850 S McCarran Blvd, Suite 1 Reno, NV 89509, USA",$5M - $10M,https://sorellaapothecary.com/collections/all,https://sorellaapothecary.com,https://www.instagram.com/sorellaapothecary/,,https://www.facebook.com/sorellaapothecary,https://www.pinterest.com/sorellaapothecary/,https://www.youtube.com/%40SorellaApothecary,https://www.linkedin.com/company/sorella-apothecary,https://www.tiktok.com/%40sorellaapothecary,service@sorellaapothecary.com; hello@sorellaapothecary.com,+1 8002-530-450,,
Summer Fridays,"Health, Wellness & Fitness",personal care product manufacturing,3/6/2026,Jose Alberto Híjar Laura Andrea Escalante,Lead B,18,Estados Unidos,"Ahwatukee Foothills. 4933 E Ray Rd, Ste 101, Phoenix, Az 85044-6420, USA",$25M - $50M,https://summerfridays.com/collections/shop-all,https://summerfridays.com,https://www.instagram.com/summerfridays/,https://x.com/summerfridays,https://www.facebook.com/summerfridaysbeauty,https://www.pinterest.com/summer_fridays/,https://www.youtube.com/channel/UCBMtBT-QHons-bry2QihNKw,https://www.linkedin.com/company/summer-fridays,https://www.tiktok.com/%40summerfridays,info@summerfridays.com; influencers@summerfridays.com,,,
Le Mieux Cosmetics,"Health, Wellness & Fitness",esthetician training & education,3/6/2026,Jose Alberto Híjar Laura Andrea Escalante,Lead B,38,Estados Unidos,"14140 Live Oak Ave, Ste D, Baldwin Park, CA, United States, 91706",$5M - $10M,https://lemieuxskincare.com/collections/all-products,https://lemieuxskincare.com,https://www.instagram.com/lemieux/,https://x.com/LeMieuxSkincare,https://www.facebook.com/LeMieuxSkincare/,https://www.pinterest.com/lemieuxskincare/,https://www.youtube.com/%40lemieuxcosmetics,https://www.linkedin.com/company/le-mieux-cosmetics,https://tiktok.com/%40lemieuxskincare,info@lemieuxcosmetics.com; shop@lemieuxskincare.com,+1 8882-832-273; +1 6269-621-234; +1 8669-592-817,,
Sanitas Skincare,Cosmetics,Cosmetics,3/6/2026,Jose Alberto Híjar Laura Andrea Escalante,Lead A,28,Estados Unidos,"Boulder, CO, USA",$5M - $10M,https://sanitas-skincare.com/collections/all,https://sanitas-skincare.com,https://www.instagram.com/sanitas_skincare/,https://twitter.com/sanitasskincare,https://www.facebook.com/sanitasskincareco/,https://www.pinterest.com/sanitas_skincare/,https://www.youtube.com/%40sanitasskincareofficial,https://www.linkedin.com/company/sanitas-skincare,https://www.tiktok.com/%40sanitas_skincare,info@sanitas-skincare.com; wecare@sanitas-skincare.com,+1 3034-424-411; +1 8554-732-286; +1 3034-491-875,,
Aspen Kay Naturals,"Health, Wellness & Fitness",Beauty & Personal Care,3/6/2026,Jose Alberto Híjar Laura Andrea Escalante,Lead B,5,Estados Unidos,"Clearwater, Florida 33765, US","$92,924.57",https://www.amazon.com/stores/AspenKayNaturals/page/BE312C5E-7095-4252-ABBA-C979DF5DCFA9,https://aspenkaynaturals.com,https://www.instagram.com/aspenkaynaturals/,https://x.com/aspenknaturals,https://www.facebook.com/aspenkaynaturalsinc/,https://es.pinterest.com/aspenkaynatural/,https://www.youtube.com/%40aspenkaynaturals,https://www.linkedin.com/company/ap-home-decor-inc,https://www.tiktok.com/%40aspenkayofficial,info@aspenkaynaturals.com; aspenkaymedia@gmail.com,+1 8183-127-867,,
Crandall Office Furniture,Furniture,Office Products,3/6/2026,Jose Alberto Híjar Laura Andrea Escalante,Lead A,9,Estados Unidos,"608 Callaghan St, Greenville, Michigan 49331, US","$99,138.64",https://www.amazon.com/-/es/Silla-oficina-Steelcase-Leap-V2/dp/B08PPVCCST/ref%3Dsr_1_1?__mk_es_US=%C3%85M%C3%85%C5%BD%C3%95%C3%91&crid=307W46SFBKKNW&dib=eyJ2IjoiMSJ9.zyM7XMIgBZZdCGyPYfTgX7zBLnQVJymzFV1CB4RzAYXktKw_MEI7yTiEJJBMMGbr1QlqvBOOaur3G_wohq1QuRt7jfxtwCODyD8hHpeLhQLUdWV6VIf23epkID9znO7qsXRG6bUEPhUVayFInw3lgL6tZm6TZAKAAoi2cJBOxqzdfsZySrJ6WBlSTssg8o2pPbYEV3AKu1S26EFxB6BZh5RahOxYm-Rgx2qEXD8-VFjBfVXDZmPX_3jr1er2ocYcrb7s-uPnBIkpYkv4VvebVYtKWOT-2jH83LCisVl6RKw.3U6dJ23gTPMW_kw5qaNkqCWxug1qmyaasxyQEDyljwY&dib_tag=se&keywords=Crandall+Office+Furniture&qid=1772461562&sprefix=crandall+office+furniture%2Caps%2C304&sr=8-1,https://crandalloffice.com,https://www.instagram.com/crandall_office/,https://x.com/CrandallChairs,https://www.facebook.com/crandalloffice,,https://www.youtube.com/%40CrandallOfficeFurniture,https://www.linkedin.com/company/crandall-office-furniture-inc,https://www.tiktok.com/%40crandallofficefurniture,contact@crandalloffice.com,6166-820-110,,
IMPRESSIONS VANITY · COMPANY,Retail,Beauty & Personal Care,3/6/2026,Jose Alberto Híjar Laura Andrea Escalante,Lead A,46,Estados Unidos,"17353 Derian Ave, Irvine, California 92614, US","$88,336.92",https://www.amazon.com/stores/IMPRESSIONSVANITY%C2%B7COMPANY/page/EE6B6530-92B2-47F4-80F6-6A53EB873044,https://crandalloffice.com,https://www.instagram.com/impressionsvanity/,https://twitter.com/impressionsv,https://www.facebook.com/ImpressionsVanity/,https://www.pinterest.com/impressionsv/,https://www.youtube.com/channel/UCfY_wR-R9qCDIyX0dIKJxuA,https://www.linkedin.com/company/impressionsvanity,https://www.tiktok.com/%40impressionsvanity,support@impressionsvanity.com,+1 8448-810-790,,